{
    "version": 1,
    "author": "Anonymous maker",
    "editor": "wokwi",
    "parts": [
        {
            "type": "board-esp32-devkit-c-v4",
            "id": "esp",
            "top": 0,
            "left": -23.96,
            "attrs": {}
        },
        {
            "type": "wokwi-hc-sr04",
            "id": "ultrasonic1",
            "top": 24.3,
            "left": 125.7,
            "rotate": 90,
            "attrs": {}
        }
    ],
    "connections": [
        [
            "esp:TX",
            "$serialMonitor:RX",
            "",
            []
        ],
        [
            "esp:RX",
            "$serialMonitor:TX",
            "",
            []
        ],
        [
            "ultrasonic1:VCC",
            "esp:5V",
            "red",
            [
                "h-28.8",
                "v172.8",
                "h-153.75"
            ]
        ],
        [
            "ultrasonic1:TRIG",
            "esp:5",
            "green",
            [
                "h-57.6",
                "v47.6"
            ]
        ],
        [
            "ultrasonic1:ECHO",
            "esp:18",
            "green",
            [
                "v-0.8",
                "h-67.2",
                "v28.8"
            ]
        ],
        [
            "ultrasonic1:GND",
            "esp:CMD",
            "black",
            [
                "h0"
            ]
        ]
    ],
    "dependencies": {}
}