{
    "version": 1,
    "author": "Anonymous maker",
    "editor": "wokwi",
    "parts": [
        {
            "type": "board-esp32-devkit-c-v4",
            "id": "esp",
            "top": 48,
            "left": -110.36,
            "attrs": {
                "builder": "esp-idf"
            }
        },
        {
            "type": "wokwi-relay-module",
            "id": "relay1",
            "top": -28.6,
            "left": 86.4,
            "attrs": {}
        },
        {
            "type": "wokwi-pushbutton",
            "id": "btn1",
            "top": 121.4,
            "left": 86.4,
            "attrs": {
                "color": "green",
                "xray": "1"
            }
        },
        {
            "type": "wokwi-led",
            "id": "led1",
            "top": 178.8,
            "left": 32.6,
            "attrs": {
                "color": "red"
            }
        }
    ],
    "connections": [
        [
            "esp:TX",
            "$serialMonitor:RX",
            "",
            []
        ],
        [
            "esp:RX",
            "$serialMonitor:TX",
            "",
            []
        ],
        [
            "relay1:VCC",
            "esp:3V3",
            "red",
            [
                "h0"
            ]
        ],
        [
            "relay1:GND",
            "esp:GND.2",
            "black",
            [
                "h0"
            ]
        ],
        [
            "relay1:IN",
            "esp:23",
            "green",
            [
                "v-0.2",
                "h-86.4",
                "v105.6"
            ]
        ],
        [
            "btn1:1.l",
            "esp:19",
            "green",
            [
                "h0"
            ]
        ],
        [
            "btn1:2.l",
            "esp:GND.2",
            "green",
            [
                "h-19.2",
                "v-86.2"
            ]
        ],
        [
            "led1:C",
            "esp:GND.2",
            "green",
            [
                "h-9.2",
                "v-124.8"
            ]
        ],
        [
            "led1:A",
            "esp:18",
            "green",
            [
                "h9.6",
                "v-48"
            ]
        ]
    ],
    "dependencies": {}
}