{
    "version": 1,
    "author": "Anonymous maker",
    "editor": "wokwi",
    "parts": [
        {
            "type": "wokwi-esp32-devkit-v1",
            "id": "esp",
            "top": 52.7,
            "left": 119.8,
            "attrs": {}
        },
        {
            "type": "wokwi-led",
            "id": "led1",
            "top": -32.4,
            "left": 243.8,
            "attrs": {
                "color": "red"
            }
        },
        {
            "type": "wokwi-led",
            "id": "led2",
            "top": 6,
            "left": 291.8,
            "attrs": {
                "color": "orange"
            }
        },
        {
            "type": "wokwi-resistor",
            "id": "r1",
            "top": 52.8,
            "left": 239.45,
            "rotate": 90,
            "attrs": {
                "value": "1000"
            }
        },
        {
            "type": "wokwi-resistor",
            "id": "r2",
            "top": 91.2,
            "left": 287.45,
            "rotate": 90,
            "attrs": {
                "value": "1000"
            }
        },
        {
            "type": "wokwi-led",
            "id": "led3",
            "top": 34.8,
            "left": 339.8,
            "attrs": {
                "color": "limegreen"
            }
        },
        {
            "type": "wokwi-resistor",
            "id": "r3",
            "top": 120,
            "left": 335.45,
            "rotate": 90,
            "attrs": {
                "value": "1000"
            }
        }
    ],
    "connections": [
        [
            "esp:TX0",
            "$serialMonitor:RX",
            "",
            []
        ],
        [
            "esp:RX0",
            "$serialMonitor:TX",
            "",
            []
        ],
        [
            "led1:C",
            "esp:GND.1",
            "black",
            [
                "v0"
            ]
        ],
        [
            "led2:C",
            "esp:GND.1",
            "black",
            [
                "v0"
            ]
        ],
        [
            "led1:A",
            "r1:1",
            "green",
            [
                "v0"
            ]
        ],
        [
            "led2:A",
            "r2:1",
            "green",
            [
                "v0"
            ]
        ],
        [
            "r1:2",
            "esp:D26",
            "green",
            [
                "h0"
            ]
        ],
        [
            "r2:2",
            "esp:D33",
            "green",
            [
                "h0"
            ]
        ],
        [
            "led3:C",
            "esp:GND.1",
            "black",
            [
                "v0"
            ]
        ],
        [
            "led3:A",
            "r3:1",
            "green",
            [
                "v0"
            ]
        ],
        [
            "r3:2",
            "esp:D22",
            "green",
            [
                "h0"
            ]
        ]
    ],
    "dependencies": {}
}